Fund Name,P1,P2,P3,P4,P5,Topsis Score,Rank
M1,0.76,0.58,3.5,32.7,9.39,0.2456274240912373,8.0
M2,0.91,0.83,3.2,51.0,13.99,0.5374854529942247,4.0
M3,0.61,0.37,3.3,57.5,15.45,0.3479463214541722,6.0
M4,0.63,0.4,3.6,63.0,16.91,0.420662166385606,5.0
M5,0.79,0.62,3.5,65.3,17.55,0.543616916053136,3.0
M6,0.63,0.4,4.9,33.8,9.93,0.2568811921109312,7.0
M7,0.95,0.9,6.1,48.9,14.21,0.7651127663662338,1.0
M8,0.89,0.79,3.7,60.8,16.55,0.6255362773231107,2.0
